name,email,gender
Katina Chittock,kchittock0@about.me,Female
Roanne Whewill,rwhewill1@tuttocitta.it,Female
Layne Aldwich,laldwich2@jimdo.com,Female
Wynnie Sivess,wsivess3@elegantthemes.com,Female
Ali Eary,aeary4@nytimes.com,Male
Benedetta Eastbrook,beastbrook5@microsoft.com,Female
Rory Cooke,rcooke6@tinypic.com,Male
Jannel Cawte,jcawte7@instagram.com,Female
Josephina Eate,jeate8@issuu.com,Female
Rosaline Norcott,rnorcott9@ucoz.com,Female
Astrix Clark,aclarka@blogspot.com,Female
Ervin Cadd,ecaddb@wp.com,Male
Ethelda Wogden,ewogdenc@biblegateway.com,Female
Matthew Sawtell,msawtelld@princeton.edu,Male
Zebedee Kieran,zkierane@blogtalkradio.com,Male
Simone Hubble,shubblef@creativecommons.org,Male
Henrie Hubback,hhubbackg@facebook.com,Female
Brantley Arber,barberh@facebook.com,Male
Joby Anfonsi,janfonsii@sitemeter.com,Female
Nikolos Roath,nroathj@digg.com,Male
Mady Prattin,mprattink@blinklist.com,Female
Elisha McCandless,emccandlessl@edublogs.org,Male
Gerhardt Adiscot,gadiscotm@exblog.jp,Male
Spike Syversen,ssyversenn@toplist.cz,Male
Bertrand Gilbody,bgilbodyo@over-blog.com,Male
Kassandra Lansdale,klansdalep@comsenz.com,Female
Leeanne Thistleton,lthistletonq@sbwire.com,Female
Vonny Cruise,vcruiser@eepurl.com,Female
Albertine Haydn,ahaydns@jiathis.com,Female
Tully Aslet,taslett@msu.edu,Male
Dorotea Claus,dclausu@yelp.com,Female
Taryn Shattock,tshattockv@diigo.com,Female
Valera Pearsey,vpearseyw@cornell.edu,Female
Ilse Bennitt,ibennittx@cbc.ca,Female
Curtice Gaitskell,cgaitskelly@cloudflare.com,Male
Niven Harpur,nharpurz@cyberchimps.com,Male
Lynsey Jeanon,ljeanon10@plala.or.jp,Female
Felipe Johnigan,fjohnigan11@ihg.com,Male
Tristam Rubertelli,trubertelli12@moonfruit.com,Male
Natale Caldaro,ncaldaro13@nih.gov,Male
Modestia Lashford,mlashford14@sogou.com,Agender
Leanna Challin,lchallin15@histats.com,Female
Kata Pasque,kpasque16@hexun.com,Female
Demetrius Cuss,dcuss17@ezinearticles.com,Male
Lauretta Howroyd,lhowroyd18@mediafire.com,Female
Paten Frederick,pfrederick19@sogou.com,Male
Fredek Rogerot,frogerot1a@amazonaws.com,Male
Joellen Chasle,jchasle1b@opera.com,Female
Kial Askell,kaskell1c@unicef.org,Female
Lucais Jaeggi,ljaeggi1d@storify.com,Male
Gael Van der Kruis,gvan1e@jiathis.com,Male
Romeo Myers,rmyers1f@mail.ru,Agender
Hamnet Wiggall,hwiggall1g@loc.gov,Male
Weber Durn,wdurn1h@ca.gov,Male
Kissiah Kaesmans,kkaesmans1i@toplist.cz,Female
Rabbi Deniscke,rdeniscke1j@goodreads.com,Male
Finley Groombridge,fgroombridge1k@japanpost.jp,Male
Erinna Millyard,emillyard1l@gmpg.org,Female
Leodora Cuesta,lcuesta1m@goo.gl,Female
Yorker Minogue,yminogue1n@mediafire.com,Male
Leslie Chesterman,lchesterman1o@abc.net.au,Female
Tyne Ramelot,tramelot1p@slashdot.org,Female
Arturo Fliege,afliege1q@businesswire.com,Male
Graig Tenny,gtenny1r@usnews.com,Male
Bonnee Ranfield,branfield1s@bizjournals.com,Genderfluid
Georgine Eaklee,geaklee1t@altervista.org,Female
Codie Ulyat,culyat1u@com.com,Female
Skippie Foxwell,sfoxwell1v@mysql.com,Male
Judon Toffano,jtoffano1w@dedecms.com,Male
Corbet Petit,cpetit1x@indiegogo.com,Male
Sheila-kathryn Lefort,slefort1y@cmu.edu,Agender
Edita Shurlock,eshurlock1z@bluehost.com,Female
Bronson Aldersea,baldersea20@pinterest.com,Male
Karna Kermit,kkermit21@pagesperso-orange.fr,Polygender
Adaline Corsham,acorsham22@imageshack.us,Female
Mercie Delve,mdelve23@cdc.gov,Female
Aurelie Chiplin,achiplin24@ftc.gov,Female
Donna Feilden,dfeilden25@behance.net,Female
Cesar Curton,ccurton26@jimdo.com,Male
Christan Stallan,cstallan27@hubpages.com,Female
Sawyer Marquet,smarquet28@1688.com,Non-binary
Margarethe Cressingham,mcressingham29@ovh.net,Female
Stanley Breward,sbreward2a@lulu.com,Male
Isaac Clyma,iclyma2b@walmart.com,Male
Elianora Matley,ematley2c@psu.edu,Female
Perl Normanton,pnormanton2d@senate.gov,Genderfluid
Ashlee Crampsey,acrampsey2e@omniture.com,Female
Taddeo Arnaldy,tarnaldy2f@quantcast.com,Male
Kerwinn MacCole,kmaccole2g@redcross.org,Male
Elene Hursthouse,ehursthouse2h@whitehouse.gov,Female
Sophi Dundon,sdundon2i@upenn.edu,Female
Flynn Melland,fmelland2j@arizona.edu,Male
Putnam Costigan,pcostigan2k@webs.com,Male
Vyky Bruno,vbruno2l@bbb.org,Female
Berthe Cosham,bcosham2m@globo.com,Female
Magdalene Milington,mmilington2n@senate.gov,Female
Augie Parram,aparram2o@nifty.com,Male
Kirby Brignall,kbrignall2p@cnet.com,Male
Myra Benardet,mbenardet2q@slate.com,Female
Klemens Smowton,ksmowton2r@marketwatch.com,Male
Yuma Zipsell,yzipsell2s@alexa.com,Male
Rafael Randall,rrandall2t@weather.com,Male
Amalie Boss,aboss2u@networkadvertising.org,Female
Fax Geffcock,fgeffcock2v@twitpic.com,Male
Bernadine Sessuns,bsessuns2w@people.com.cn,Female
Clark Gasnoll,cgasnoll2x@statcounter.com,Male
Shell Kleinhandler,skleinhandler2y@fotki.com,Male
Biron Ratchford,bratchford2z@blog.com,Male
Kele Otterwell,kotterwell30@mac.com,Male
Dex Rangall,drangall31@ehow.com,Male
Randal Bollom,rbollom32@hc360.com,Male
Helge Gloy,hgloy33@sourceforge.net,Female
Arabele Spelman,aspelman34@printfriendly.com,Female
Kimbell Garstan,kgarstan35@hexun.com,Male
Mandy Budibent,mbudibent36@ocn.ne.jp,Female
Welbie Oris,woris37@blinklist.com,Male
Cirstoforo Curness,ccurness38@twitter.com,Male
Livvyy Aslett,laslett39@fema.gov,Female
Cynthia Bigland,cbigland3a@jugem.jp,Female
Valentia Holmyard,vholmyard3b@bbc.co.uk,Female
Clair Otson,cotson3c@comsenz.com,Female
Emelita Paragreen,eparagreen3d@sakura.ne.jp,Female
Shelley Bunt,sbunt3e@samsung.com,Female
Jim Mariotte,jmariotte3f@alexa.com,Genderqueer
Fernande Morefield,fmorefield3g@state.gov,Female
Sharai Berry,sberry3h@acquirethisname.com,Female
Herc Mattosoff,hmattosoff3i@ycombinator.com,Agender
Chantalle Varvell,cvarvell3j@about.me,Female
Madelon MacVaugh,mmacvaugh3k@pagesperso-orange.fr,Female
Kelci Caulket,kcaulket3l@discovery.com,Female
Ritchie Whichelow,rwhichelow3m@forbes.com,Bigender
Lane Manhood,lmanhood3n@state.gov,Male
Casey Nutley,cnutley3o@aboutads.info,Male
Magdaia Wike,mwike3p@imgur.com,Female
Kristien Hoodless,khoodless3q@spotify.com,Female
Cesya Oakenfall,coakenfall3r@time.com,Genderqueer
Pacorro Frenzel;,pfrenzel3s@europa.eu,Male
Zelma Krzysztof,zkrzysztof3t@army.mil,Female
Herc Swansborough,hswansborough3u@posterous.com,Polygender
Carmine Gooble,cgooble3v@godaddy.com,Female
Ingra Carlozzi,icarlozzi3w@bigcartel.com,Male
Dall Rumney,drumney3x@spiegel.de,Male
Netty Branney,nbranney3y@icio.us,Genderfluid
Marjory Mantrup,mmantrup3z@goo.ne.jp,Female
Elbert Aris,earis40@hostgator.com,Male
Harwilll Bartlomieczak,hbartlomieczak41@pbs.org,Male
Cletus Breckwell,cbreckwell42@earthlink.net,Male
Laureen Mingotti,lmingotti43@delicious.com,Female
Avril Hammarberg,ahammarberg44@upenn.edu,Female
Morgun Prichet,mprichet45@accuweather.com,Male
Shari Powder,spowder46@imdb.com,Female
Avigdor Bindin,abindin47@miitbeian.gov.cn,Male
Emalee De Lasci,ede48@nifty.com,Female
Modesta Walkington,mwalkington49@usatoday.com,Female
Korie Gauntley,kgauntley4a@blogtalkradio.com,Female
Vincents Chennells,vchennells4b@forbes.com,Male
Jewelle Everson,jeverson4c@psu.edu,Female
Jourdan Blackett,jblackett4d@walmart.com,Female
Horton Headech,hheadech4e@lulu.com,Male
Gretel Izchaki,gizchaki4f@diigo.com,Female
Isador Fontes,ifontes4g@exblog.jp,Male
Tybie Burgise,tburgise4h@gnu.org,Female
Beverie Overlow,boverlow4i@com.com,Female
Edlin Cissell,ecissell4j@accuweather.com,Male
Antony Quinton,aquinton4k@google.nl,Male
Bethany Ivantyev,bivantyev4l@samsung.com,Female
Benedicta Barthorpe,bbarthorpe4m@answers.com,Female
Karylin Shakelade,kshakelade4n@digg.com,Female
Chantalle MacRanald,cmacranald4o@goodreads.com,Female
Goober Skillen,gskillen4p@tinyurl.com,Male
Kimberlyn Meece,kmeece4q@state.gov,Female
Monica Penvarne,mpenvarne4r@deviantart.com,Female
Domingo Kose,dkose4s@auda.org.au,Male
Shanan Brede,sbrede4t@behance.net,Male
Ignaz Covet,icovet4u@shinystat.com,Male
Hally Haquin,hhaquin4v@prlog.org,Bigender
Lionel Boundey,lboundey4w@adobe.com,Male
Reggy Stiegars,rstiegars4x@infoseek.co.jp,Male
Kitti Tanzer,ktanzer4y@time.com,Female
Bob Gladman,bgladman4z@webeden.co.uk,Male
Agatha Randales,arandales50@nsw.gov.au,Female
Tyne Tabram,ttabram51@blogspot.com,Female
Eliza Giotto,egiotto52@ibm.com,Bigender
Rainer McCrostie,rmccrostie53@sourceforge.net,Polygender
Fidelio Lantuff,flantuff54@google.com.br,Male
Nil Boyde,nboyde55@nydailynews.com,Male
Olav Fransoni,ofransoni56@vinaora.com,Male
Chev Keeney,ckeeney57@hc360.com,Male
Zita Glyn,zglyn58@fda.gov,Female
Marlowe Abendroth,mabendroth59@wiley.com,Male
Brent Aime,baime5a@kickstarter.com,Male
Russell Dignan,rdignan5b@timesonline.co.uk,Male
Leontyne Outerbridge,louterbridge5c@mashable.com,Female
Dulcy Bawcock,dbawcock5d@free.fr,Female
Sophie Frondt,sfrondt5e@geocities.jp,Female
Wallace Andrat,wandrat5f@youtube.com,Agender
Hayward Ferre,hferre5g@ezinearticles.com,Male
Samantha Sollime,ssollime5h@dot.gov,Female
Noland Torald,ntorald5i@people.com.cn,Male
Belita Rumsby,brumsby5j@cnn.com,Female
Edgardo Willoughway,ewilloughway5k@php.net,Male
Shoshanna Atling,satling5l@rakuten.co.jp,Female
Ulrich Biggin,ubiggin5m@nydailynews.com,Male
Tobin Sayles,tsayles5n@sciencedaily.com,Male
Ailis Grabiec,agrabiec5o@wunderground.com,Female
Delmore Courtin,dcourtin5p@aol.com,Male
Josephine Tumilson,jtumilson5q@delicious.com,Female
Bernardina Defty,bdefty5r@mlb.com,Female
Lukas Mewrcik,lmewrcik5s@flavors.me,Male
Kellen Beamand,kbeamand5t@a8.net,Male
Rafaello Conaghan,rconaghan5u@prlog.org,Male
Cami Moyles,cmoyles5v@sbwire.com,Female
Cosmo Elington,celington5w@usa.gov,Male
Fayette Heijnen,fheijnen5x@engadget.com,Female
Rodge Arnett,rarnett5y@shop-pro.jp,Genderqueer
Petronilla Jude,pjude5z@about.me,Female
Bobbi Penkman,bpenkman60@lycos.com,Female
Wit Greatex,wgreatex61@google.com.br,Male
Bev Reinisch,breinisch62@t.co,Female
Daile Service,dservice63@geocities.com,Female
Sebastien Fawckner,sfawckner64@joomla.org,Male
Glynn Rentelll,grentelll65@boston.com,Male
Maury Sizeland,msizeland66@webs.com,Male
Felizio Jardin,fjardin67@nasa.gov,Male
Lucias St Ledger,lst68@yahoo.com,Non-binary
Coleen Gibbings,cgibbings69@intel.com,Female
Terencio Corley,tcorley6a@eventbrite.com,Male
Amata Sambell,asambell6b@umn.edu,Female
Jamie Fellos,jfellos6c@myspace.com,Female
Larina Dittson,ldittson6d@1688.com,Female
Vernice Smales,vsmales6e@facebook.com,Female
Kennedy Avrasin,kavrasin6f@sitemeter.com,Male
Neel Wilcox,nwilcox6g@bandcamp.com,Male
Mella Peachey,mpeachey6h@cam.ac.uk,Female
Alexis Tatton,atatton6i@photobucket.com,Female
Janice Iiannoni,jiiannoni6j@dedecms.com,Female
Katalin McRill,kmcrill6k@ucsd.edu,Female
Madge Dignan,mdignan6l@etsy.com,Polygender
Elyse Zapata,ezapata6m@home.pl,Female
Wright Backe,wbacke6n@squarespace.com,Male
Raine Pluthero,rpluthero6o@microsoft.com,Female
Clive Trahearn,ctrahearn6p@cnbc.com,Male
Guillema Roads,groads6q@linkedin.com,Female
Mallorie Leefe,mleefe6r@vistaprint.com,Female
Lani Brennans,lbrennans6s@seattletimes.com,Bigender
Petronille McGarahan,pmcgarahan6t@uol.com.br,Female
Bekki Ralton,bralton6u@prweb.com,Female
Charity MacCracken,cmaccracken6v@soundcloud.com,Non-binary
Toby Becerro,tbecerro6w@ted.com,Male
Demott Giacopini,dgiacopini6x@unesco.org,Male
Clarke Klehn,cklehn6y@npr.org,Polygender
Batholomew Roderick,broderick6z@about.com,Male
Eduard Peebles,epeebles70@hud.gov,Male
Prentice Wilne,pwilne71@goodreads.com,Male
Kai Deppen,kdeppen72@nih.gov,Female
Aubine Myrkus,amyrkus73@blogspot.com,Female
Arlana Tregidga,atregidga74@dmoz.org,Female
Mechelle Gasparro,mgasparro75@digg.com,Female
Dev Aberdein,daberdein76@mozilla.org,Polygender
Emlyn Fellgett,efellgett77@boston.com,Polygender
Johnna Hlavecek,jhlavecek78@scientificamerican.com,Female
Curr Salvador,csalvador79@cpanel.net,Male
Zollie Tace,ztace7a@google.co.jp,Male
Rafferty Denge,rdenge7b@163.com,Male
Gwen Creegan,gcreegan7c@netlog.com,Female
Rogers Lemery,rlemery7d@techcrunch.com,Male
Merwyn Catley,mcatley7e@seattletimes.com,Male
Yard Glasheen,yglasheen7f@imageshack.us,Male
Britte Jeanneau,bjeanneau7g@senate.gov,Bigender
Donn Bursnoll,dbursnoll7h@histats.com,Male
Stuart Fieldstone,sfieldstone7i@prlog.org,Genderqueer
Goddard Sherreard,gsherreard7j@arizona.edu,Male
Felizio Colegate,fcolegate7k@paypal.com,Male
Leda Gerald,lgerald7l@hc360.com,Female
Augusto Guillerman,aguillerman7m@wikispaces.com,Male
Vivie Lowdeane,vlowdeane7n@mayoclinic.com,Female
Annabela Birckmann,abirckmann7o@blogs.com,Female
Kailey Artz,kartz7p@youku.com,Female
Flynn Pennycock,fpennycock7q@ftc.gov,Male
Mateo Gadsby,mgadsby7r@dmoz.org,Male
Price Dowdall,pdowdall7s@amazon.com,Male
Chelsie Sporgeon,csporgeon7t@craigslist.org,Female
Breanne Van Niekerk,bvan7u@chronoengine.com,Female
Jennie Brooke,jbrooke7v@wufoo.com,Female
Enrico Gerssam,egerssam7w@youtube.com,Male
Izaak Bayston,ibayston7x@usatoday.com,Male
Celine Kaufman,ckaufman7y@typepad.com,Female
Durand Lergan,dlergan7z@aboutads.info,Male
Tann Harnell,tharnell80@admin.ch,Male
Betty Battlestone,bbattlestone81@indiegogo.com,Female
Micheil Jerrom,mjerrom82@jiathis.com,Male
Hamid Barde,hbarde83@newsvine.com,Male
Winthrop Galloway,wgalloway84@nifty.com,Male
Dita Manolov,dmanolov85@fc2.com,Female
Nannie Stiddard,nstiddard86@webmd.com,Female
Orelia Sharpus,osharpus87@independent.co.uk,Female
Walton Bunten,wbunten88@ycombinator.com,Male
Golda Carrett,gcarrett89@bloglines.com,Genderqueer
Wilone Maffulli,wmaffulli8a@uol.com.br,Female
Adamo Prater,aprater8b@lulu.com,Male
Erin Martynka,emartynka8c@umn.edu,Female
Marcelo Fintoph,mfintoph8d@youku.com,Male
Washington Baumber,wbaumber8e@imgur.com,Male
Colan Kidney,ckidney8f@ustream.tv,Male
Michele Lattie,mlattie8g@nydailynews.com,Male
Kathie Denyukhin,kdenyukhin8h@technorati.com,Female
Julina Lethem,jlethem8i@blogtalkradio.com,Female
Angelico Ronci,aronci8j@columbia.edu,Male
Skip Fennell,sfennell8k@a8.net,Male
Roberta Pettyfar,rpettyfar8l@tumblr.com,Female
Tina Briereton,tbriereton8m@qq.com,Female
Hadlee Collar,hcollar8n@prweb.com,Male
Maryellen Petera,mpetera8o@gnu.org,Female
Farrel Hambridge,fhambridge8p@wp.com,Male
Sebastien Weatherell,sweatherell8q@cbc.ca,Male
Jaimie McPartlin,jmcpartlin8r@time.com,Female
Alexine Kaes,akaes8s@wikia.com,Female
Tawsha Westrey,twestrey8t@irs.gov,Female
Lisle Ferraraccio,lferraraccio8u@slashdot.org,Male
Darcy Seamon,dseamon8v@surveymonkey.com,Female
Innis Georgeau,igeorgeau8w@privacy.gov.au,Polygender
Zane Cutbush,zcutbush8x@amazonaws.com,Male
Laurence Binnes,lbinnes8y@aboutads.info,Male
Hiram Hum,hhum8z@bloglovin.com,Male
Klarrisa Hasker,khasker90@goo.ne.jp,Agender
Rhett Autrie,rautrie91@webnode.com,Male
Perry Duligall,pduligall92@smh.com.au,Male
Babbette Imlach,bimlach93@cdbaby.com,Female
Marcy Purvey,mpurvey94@joomla.org,Female
Creigh Ashlin,cashlin95@t.co,Male
Flossi Shimuk,fshimuk96@typepad.com,Female
Vanya Binny,vbinny97@sbwire.com,Genderqueer
Jarad Cressy,jcressy98@pen.io,Male
Barbaraanne Jozefowicz,bjozefowicz99@icio.us,Female
Gisela Clashe,gclashe9a@rediff.com,Female
Oran Roaf,oroaf9b@biblegateway.com,Agender
Gwennie Coleson,gcoleson9c@goodreads.com,Non-binary
Caesar Whittleton,cwhittleton9d@parallels.com,Male
Marci Brokenshaw,mbrokenshaw9e@opensource.org,Female
Cazzie Hullin,chullin9f@booking.com,Male
Levin Harfleet,lharfleet9g@infoseek.co.jp,Male
Glendon Hillin,ghillin9h@prnewswire.com,Male
Susi Pietrowicz,spietrowicz9i@ebay.co.uk,Polygender
Sandy Hamm,shamm9j@springer.com,Male
Timmy Paute,tpaute9k@constantcontact.com,Agender
Blisse Lambrechts,blambrechts9l@geocities.jp,Female
Orlan Mulcock,omulcock9m@seesaa.net,Male
Antonio Torns,atorns9n@friendfeed.com,Male
Christie Moffat,cmoffat9o@wunderground.com,Female
Mendy Pottes,mpottes9p@fotki.com,Male
Erina Whyard,ewhyard9q@163.com,Female
Aliza Bonds,abonds9r@adobe.com,Non-binary
Dane MacTrustie,dmactrustie9s@blogspot.com,Male
Cherin Woodeson,cwoodeson9t@amazon.co.jp,Female
Brendis Audsley,baudsley9u@sakura.ne.jp,Male
Jozef Duce,jduce9v@slashdot.org,Male
Turner Pickersail,tpickersail9w@nyu.edu,Male
Nerta Pilbury,npilbury9x@vk.com,Genderfluid
Cammi Dawbury,cdawbury9y@creativecommons.org,Non-binary
Gerome Hastewell,ghastewell9z@scientificamerican.com,Male
Mark Eshelby,meshelbya0@dagondesign.com,Male
Lianna Truss,ltrussa1@cpanel.net,Female
Granny Demogeot,gdemogeota2@economist.com,Male
Olympe Kovelmann,okovelmanna3@cdbaby.com,Female
Fields Willisch,fwillischa4@state.gov,Non-binary
Gui Castillon,gcastillona5@etsy.com,Female
Hammad Castagnier,hcastagniera6@qq.com,Male
Zaccaria Lilburne,zlilburnea7@zimbio.com,Male
Peyton Audry,paudrya8@bing.com,Male
Ashlee Rasch,arascha9@alexa.com,Female
Austine Ashingden,aashingdenaa@booking.com,Female
Adham Ackers,aackersab@edublogs.org,Male
Prisca Dimmer,pdimmerac@csmonitor.com,Female
Bathsheba Zmitrovich,bzmitrovichad@pinterest.com,Female
Jodi Giblett,jgiblettae@sohu.com,Male
Lynnell Angus,langusaf@themeforest.net,Female
Alberik Bickley,abickleyag@cargocollective.com,Male
Burch Trusslove,btrussloveah@mapy.cz,Male
Lanny Arney,larneyai@goodreads.com,Male
Sancho Thake,sthakeaj@msu.edu,Male
Lanna Chasney,lchasneyak@furl.net,Female
Hobard Guyers,hguyersal@acquirethisname.com,Male
Barbara-anne Spreull,bspreullam@indiegogo.com,Female
Audie Daber,adaberan@fc2.com,Female
Vern Timcke,vtimckeao@fc2.com,Male
Judah Blasoni,jblasoniap@plala.or.jp,Male
Keenan Tregidga,ktregidgaaq@springer.com,Male
Chick Copas,ccopasar@google.co.uk,Male
Ciro Grgic,cgrgicas@nature.com,Male
Farly Cozby,fcozbyat@qq.com,Male
Ashlin Dornan,adornanau@wix.com,Male
Wheeler Schult,wschultav@scientificamerican.com,Male
Bobby Ionn,bionnaw@msu.edu,Female
Hervey Proven,hprovenax@cargocollective.com,Male
Bette Chaytor,bchaytoray@free.fr,Female
Fleming Gartside,fgartsideaz@mit.edu,Male
Adolphe Dummett,adummettb0@google.com.br,Male
Aretha Wallice,awalliceb1@icq.com,Genderfluid
Rutherford Jedrzaszkiewicz,rjedrzaszkiewiczb2@dyndns.org,Male
Royal Germain,rgermainb3@webmd.com,Male
Siouxie McGilmartin,smcgilmartinb4@1688.com,Female
Regan Thackham,rthackhamb5@tamu.edu,Female
Sancho Fri,sfrib6@disqus.com,Male
Berthe Boor,bboorb7@dot.gov,Female
Cobby Kohtler,ckohtlerb8@pen.io,Male
Antonin Dymoke,adymokeb9@ezinearticles.com,Non-binary
Dareen Jeskins,djeskinsba@census.gov,Genderqueer
Stephie Toolin,stoolinbb@linkedin.com,Female
Joellen Kinch,jkinchbc@sbwire.com,Female
Tedd Scutcheon,tscutcheonbd@wikimedia.org,Male
Standford MacAlpin,smacalpinbe@senate.gov,Male
Roscoe Greenrde,rgreenrdebf@buzzfeed.com,Male
Sharon De Haven,sdebg@earthlink.net,Female
Savina Berard,sberardbh@digg.com,Female
Casar Baunton,cbauntonbi@flickr.com,Male
Osmond Gorringe,ogorringebj@unesco.org,Male
Baryram Tampin,btampinbk@ycombinator.com,Male
Heath Brunroth,hbrunrothbl@over-blog.com,Male
Geri Gambles,ggamblesbm@opera.com,Female
Jarid Thomasset,jthomassetbn@yelp.com,Male
Pyotr Ratlee,pratleebo@aol.com,Genderqueer
Cyril Ingon,cingonbp@cbc.ca,Genderqueer
Reilly Oldman,roldmanbq@yellowpages.com,Male
Dwayne Lawrenz,dlawrenzbr@disqus.com,Male
Thorndike Penketh,tpenkethbs@army.mil,Male
Ravi Warrell,rwarrellbt@gmpg.org,Male
Sid Ascrofte,sascroftebu@accuweather.com,Male
Berkie Goudie,bgoudiebv@house.gov,Male
Billi Danzey,bdanzeybw@bbc.co.uk,Female
Emmie Izzat,eizzatbx@youku.com,Female
Ogdan Prandoni,oprandoniby@w3.org,Male
Ola Guthrum,oguthrumbz@google.es,Female
Redford Wardel,rwardelc0@webnode.com,Male
Alex Ormes,aormesc1@reuters.com,Genderqueer
Lu Ley,lleyc2@github.com,Female
Cleve Ziemens,cziemensc3@mac.com,Male
Beilul Morgan,bmorganc4@loc.gov,Bigender
Ive Padwick,ipadwickc5@i2i.jp,Male
Brok Flescher,bflescherc6@ihg.com,Male
Virgilio Usherwood,vusherwoodc7@hp.com,Male
Tommie Hulcoop,thulcoopc8@pbs.org,Polygender
Adamo Joesbury,ajoesburyc9@sina.com.cn,Male
Ichabod Cadreman,icadremanca@sitemeter.com,Agender
Florida Cotty,fcottycb@163.com,Female
Davin Scally,dscallycc@eventbrite.com,Male
Inessa Ilyin,iilyincd@uiuc.edu,Female
Amos Waldocke,awaldockece@ihg.com,Male
Merrill Hutchason,mhutchasoncf@ed.gov,Genderfluid
Malory Wittke,mwittkecg@columbia.edu,Female
Angelo Cattonnet,acattonnetch@msu.edu,Male
Kellina Sidry,ksidryci@fema.gov,Female
Teriann Pepperrall,tpepperrallcj@so-net.ne.jp,Female
Udale Breeze,ubreezeck@shinystat.com,Male
Freddy Rubinowicz,frubinowiczcl@disqus.com,Male
Kalvin Thresher,kthreshercm@exblog.jp,Male
Irita Scapelhorn,iscapelhorncn@statcounter.com,Female
Leigh Spurdon,lspurdonco@discuz.net,Male
Godard Mohamed,gmohamedcp@pen.io,Genderqueer
Othella Stollen,ostollencq@ezinearticles.com,Female
Say Whaymand,swhaymandcr@dailymail.co.uk,Male
Ricky Tapply,rtapplycs@shop-pro.jp,Male
Daveta Benns,dbennsct@illinois.edu,Agender
Betti Itzhaki,bitzhakicu@dagondesign.com,Female
Margarete Marmion,mmarmioncv@hibu.com,Female
Vic Moncarr,vmoncarrcw@discovery.com,Bigender
Gav Cushelly,gcushellycx@umn.edu,Male
Tisha Simoneau,tsimoneaucy@loc.gov,Female
Vickie Piche,vpichecz@free.fr,Female
Gretna Mowling,gmowlingd0@51.la,Female
Lenette Pawlata,lpawlatad1@businessinsider.com,Female
Fitz Sieve,fsieved2@smugmug.com,Male
Lani Tiron,ltirond3@washington.edu,Agender
Tammara Hassent,thassentd4@pinterest.com,Female
Justina Tongue,jtongued5@imageshack.us,Female
Aubrie Escritt,aescrittd6@uiuc.edu,Female
Yoshiko MacGillivrie,ymacgillivried7@aol.com,Female
Bee Bayldon,bbayldond8@themeforest.net,Female
Aubrey Jahnel,ajahneld9@howstuffworks.com,Male
Florida Janik,fjanikda@ca.gov,Bigender
Sadie Gadie,sgadiedb@google.cn,Agender
Bret Deeprose,bdeeprosedc@whitehouse.gov,Non-binary
Marigold Hofler,mhoflerdd@tripod.com,Female
Alfonso Mordan,amordande@nytimes.com,Male
Jarrod Jays,jjaysdf@usda.gov,Male
Newton Hariot,nhariotdg@nih.gov,Male
Kettie Krysztowczyk,kkrysztowczykdh@canalblog.com,Female
Katinka Pochet,kpochetdi@businessweek.com,Female
Tiff Sings,tsingsdj@qq.com,Female
Garvin Waltering,gwalteringdk@si.edu,Male
Bonnibelle Dominichelli,bdominichellidl@examiner.com,Female
Rudolph Baptist,rbaptistdm@bloglines.com,Male
Chandra Sciacovelli,csciacovellidn@wikia.com,Female
Bret Heelis,bheelisdo@ycombinator.com,Male
Daune Grcic,dgrcicdp@privacy.gov.au,Female
Aylmar Corneliussen,acorneliussendq@typepad.com,Agender
Ulises Etheridge,uetheridgedr@earthlink.net,Male
Zacharias Kyston,zkystonds@google.com,Male
Danica Nare,dnaredt@topsy.com,Female
Revkah Pankettman,rpankettmandu@state.tx.us,Female
Tersina Seath,tseathdv@sciencedaily.com,Female
Trip Maypes,tmaypesdw@artisteer.com,Male
Norma Annesley,nannesleydx@tumblr.com,Female
Karole Stopps,kstoppsdy@unicef.org,Female
Penrod Kighly,pkighlydz@sbwire.com,Male
Gisella Darcey,gdarceye0@is.gd,Female
Charlean Durtnal,cdurtnale1@discovery.com,Female
Rosabella Kerry,rkerrye2@amazonaws.com,Female
Aloin Kilbride,akilbridee3@list-manage.com,Male
Jeanine Cramer,jcramere4@indiatimes.com,Female
Georges Petican,gpeticane5@guardian.co.uk,Male
Germain Grinnov,ggrinnove6@taobao.com,Male
Stephani Masser,smassere7@dropbox.com,Female
Trish D'Aubney,tdaubneye8@shutterfly.com,Female
Rob Cornils,rcornilse9@sakura.ne.jp,Male
Gwenneth Achrameev,gachrameevea@ox.ac.uk,Genderfluid
Nevin Johansen,njohanseneb@virginia.edu,Male
Tripp Sargood,tsargoodec@weebly.com,Male
Nicolea Alchin,nalchined@cmu.edu,Agender
Liz Titchen,ltitchenee@aol.com,Female
Kaleena Sanders,ksandersef@people.com.cn,Female
Bartlett Clemo,bclemoeg@reverbnation.com,Male
Pebrook Agneau,pagneaueh@gov.uk,Male
Paxton Dolden,pdoldenei@issuu.com,Male
Rivkah Binnes,rbinnesej@mlb.com,Genderfluid
Randie Gierek,rgierekek@oaic.gov.au,Genderqueer
Fayina Boater,fboaterel@bing.com,Female
Engracia Ronald,eronaldem@home.pl,Non-binary
Ruddie MacCome,rmaccomeen@flickr.com,Male
Nickie Shrigley,nshrigleyeo@jimdo.com,Male
Alicea Jumonet,ajumonetep@amazonaws.com,Female
Any Cordero,acorderoeq@stanford.edu,Male
Byron Cuppitt,bcuppitter@mapy.cz,Male
Shoshanna Pray,sprayes@google.com.hk,Female
Maximilien Athey,matheyet@biglobe.ne.jp,Male
Darla Cage,dcageeu@istockphoto.com,Female
Elana Wackett,ewackettev@cdc.gov,Female
Osmund Dettmar,odettmarew@google.co.jp,Male
Charlotte Attrill,cattrillex@timesonline.co.uk,Female
Andie Isakson,aisaksoney@newyorker.com,Female
Faustina Prandoni,fprandoniez@yolasite.com,Female
Karl Rickert,krickertf0@dot.gov,Male
Ivor Maybey,imaybeyf1@ovh.net,Male
Sterling Marwood,smarwoodf2@earthlink.net,Non-binary
Hallie Axton,haxtonf3@seattletimes.com,Female
Janel Reoch,jreochf4@godaddy.com,Female
Heall Alexis,halexisf5@wordpress.org,Male
Zechariah Braferton,zbrafertonf6@storify.com,Male
Barbey Chesters,bchestersf7@histats.com,Female
Beverlie Petrashkov,bpetrashkovf8@dailymotion.com,Female
Rosemary Bullimore,rbullimoref9@merriam-webster.com,Female
Dione Slixby,dslixbyfa@reverbnation.com,Female
Russell Wolfenden,rwolfendenfb@ezinearticles.com,Male
Gus Haliburton,ghaliburtonfc@sakura.ne.jp,Female
Patric Bengough,pbengoughfd@gizmodo.com,Male
Pippy Mellem,pmellemfe@hao123.com,Female
Les Baudin,lbaudinff@tumblr.com,Male
Honey Parmby,hparmbyfg@businessweek.com,Female
Nessy Coggles,ncogglesfh@addthis.com,Female
Rodrique Adlem,radlemfi@washingtonpost.com,Male
Eadmund Cunde,ecundefj@tmall.com,Male
Raynell Rait,rraitfk@naver.com,Female
Lazar Point,lpointfl@quantcast.com,Male
Inigo Little,ilittlefm@unc.edu,Male
Ruttger Filan,rfilanfn@icq.com,Male
Gloriana Crisall,gcrisallfo@qq.com,Non-binary
Arte Burwood,aburwoodfp@typepad.com,Male
Clerkclaude Riveles,crivelesfq@shutterfly.com,Male
Lindsy Jzak,ljzakfr@free.fr,Female
Egan Surgener,esurgenerfs@blogspot.com,Polygender
Marijn Hercules,mherculesft@sina.com.cn,Male
Jorrie Rosita,jrositafu@skype.com,Female
Heinrik Mayberry,hmayberryfv@patch.com,Male
Angeli Wharfe,awharfefw@washingtonpost.com,Male
Selig Forbes,sforbesfx@com.com,Male
Carlos Billitteri,cbillitterify@quantcast.com,Male
Tonia Noddles,tnoddlesfz@smh.com.au,Female
Cherye Rodder,crodderg0@zdnet.com,Female
Saloma Kieran,skierang1@freewebs.com,Female
Wylie Benitez,wbenitezg2@prnewswire.com,Male
Shelia Hansed,shansedg3@cbsnews.com,Female
Ariel D'Agostino,adagostinog4@vimeo.com,Female
Morton Rennix,mrennixg5@upenn.edu,Male
Normie Costerd,ncosterdg6@phpbb.com,Male
Maryellen Ralfe,mralfeg7@vinaora.com,Female
Laure Searjeant,lsearjeantg8@nytimes.com,Female
Burty McKie,bmckieg9@washingtonpost.com,Male
Anne Hawkridge,ahawkridgega@odnoklassniki.ru,Female
Sutherlan Dyett,sdyettgb@gnu.org,Male
Astra Ipsly,aipslygc@deviantart.com,Female
Wilbert Rainy,wrainygd@angelfire.com,Male
Desi Baynam,dbaynamge@bloomberg.com,Male
Kanya Binden,kbindengf@unicef.org,Female
Dasi Vautrey,dvautreygg@upenn.edu,Female
Kile Harrowell,kharrowellgh@nih.gov,Male
Kassandra Sangster,ksangstergi@blinklist.com,Female
Saunder Wyleman,swylemangj@squarespace.com,Male
Danika Gothup,dgothupgk@europa.eu,Female
Jacquenetta Whittleton,jwhittletongl@miitbeian.gov.cn,Female
Kandy Vasyatkin,kvasyatkingm@usa.gov,Female
Chaddie Dwerryhouse,cdwerryhousegn@indiegogo.com,Male
Lonnie Wooller,lwoollergo@blogs.com,Male
Valaria Foston,vfostongp@nymag.com,Female
Jose Haugen,jhaugengq@discovery.com,Polygender
Trevor Mellonby,tmellonbygr@census.gov,Male
Karoline Rickett,krickettgs@geocities.com,Female
Sheela Dailey,sdaileygt@mashable.com,Female
Lulu Ettles,lettlesgu@theguardian.com,Female
Felicity Stickells,fstickellsgv@wikimedia.org,Female
Jeanette Olivera,joliveragw@webeden.co.uk,Female
Carolyn Balcock,cbalcockgx@slashdot.org,Genderfluid
Gregoire Westphalen,gwestphalengy@patch.com,Male
Belva Tarbath,btarbathgz@wikimedia.org,Female
Mitch Deares,mdearesh0@home.pl,Male
Hamish Danigel,hdanigelh1@ted.com,Male
Hayden Scriven,hscrivenh2@mozilla.com,Male
Cyndy Ropp,cropph3@fda.gov,Female
Perkin Alderwick,palderwickh4@dedecms.com,Male
Dru O'Hartnett,dohartnetth5@google.ru,Female
Trudi Dollard,tdollardh6@altervista.org,Genderfluid
Titus Liptrod,tliptrodh7@smh.com.au,Male
Josie Gustus,jgustush8@columbia.edu,Female
Hebert Ounsworth,hounsworthh9@cornell.edu,Male
Reggy Donati,rdonatiha@paginegialle.it,Male
Myca Wyse,mwysehb@geocities.com,Genderqueer
Pepito Parbrook,pparbrookhc@yale.edu,Male
Blinny Trusdale,btrusdalehd@mediafire.com,Female
Frederico McMenamy,fmcmenamyhe@tuttocitta.it,Male
Jedediah Maciaszczyk,jmaciaszczykhf@mashable.com,Male
Cori Beagley,cbeagleyhg@usa.gov,Male
Red Davidson,rdavidsonhh@stanford.edu,Male
Elwood Deex,edeexhi@friendfeed.com,Male
Cam Powers,cpowershj@prlog.org,Female
Emlyn Stilling,estillinghk@gnu.org,Female
Marlene Poulsum,mpoulsumhl@blogger.com,Female
Ross Perelli,rperellihm@youtu.be,Male
Nerti Volette,nvolettehn@ask.com,Female
Gabi Fountaine,gfountaineho@bloglovin.com,Female
Josephina Lade,jladehp@mapquest.com,Female
Algernon Ward,awardhq@amazon.de,Male
Max Officer,mofficerhr@t-online.de,Female
Zed Rudsdale,zrudsdalehs@howstuffworks.com,Male
Leonie Leonarde,lleonardeht@amazon.co.uk,Female
Oliviero Greenstead,ogreensteadhu@rambler.ru,Male
Hussein Gauntlett,hgauntletthv@naver.com,Male
Ariella Itzhaki,aitzhakihw@youtu.be,Non-binary
Heath Slatten,hslattenhx@studiopress.com,Male
Shandra Cussen,scussenhy@msu.edu,Female
Nana Ogan,noganhz@si.edu,Female
Barry O' Brian,boi0@sfgate.com,Female
Christoffer Sheddan,csheddani1@illinois.edu,Male
Arabel Chalcroft,achalcrofti2@yale.edu,Female
Essie Seabourne,eseabournei3@gravatar.com,Female
Marika Fitkin,mfitkini4@hc360.com,Female
Sher Belliard,sbelliardi5@51.la,Non-binary
Ash Treske,atreskei6@freewebs.com,Male
Dana Bushell,dbushelli7@yelp.com,Polygender
Timothy Bielfeld,tbielfeldi8@dedecms.com,Male
Devonna Roubottom,droubottomi9@apache.org,Female
Shaughn Ketchaside,sketchasideia@skyrock.com,Male
Rhys Arrow,rarrowib@wikia.com,Male
Georg Smaridge,gsmaridgeic@utexas.edu,Male
Anallise Troake,atroakeid@census.gov,Female
Ambrose Joutapaitis,ajoutapaitisie@wix.com,Male
Elayne Wigfall,ewigfallif@twitpic.com,Female
Daisy Smyth,dsmythig@networkadvertising.org,Female
Tillie Jewess,tjewessih@soundcloud.com,Agender
Sarah Hartrick,shartrickii@google.com,Female
Megen Bence,mbenceij@nsw.gov.au,Female
Prissie Berard,pberardik@studiopress.com,Female
Job Fasler,jfasleril@topsy.com,Male
Sophie Settle,ssettleim@msu.edu,Female
Daniele Swayte,dswaytein@cdbaby.com,Female
Aviva Huntriss,ahuntrissio@ibm.com,Female
Harbert Haysham,hhayshamip@woothemes.com,Male
Eli Magrane,emagraneiq@dailymail.co.uk,Male
Regine Secrett,rsecrettir@sciencedirect.com,Female
Gregory Milsom,gmilsomis@wikipedia.org,Male
Alard Kegley,akegleyit@g.co,Male
Annis Riolfo,ariolfoiu@amazon.de,Female
Lincoln Macauley,lmacauleyiv@blinklist.com,Male
Bron Axtonne,baxtonneiw@devhub.com,Male
Cathy Readhead,creadheadix@addtoany.com,Female
Christie Bembrigg,cbembriggiy@sciencedirect.com,Female
Ham Tubbs,htubbsiz@xrea.com,Male
Carlie Hradsky,chradskyj0@photobucket.com,Male
Eliot Barnsdall,ebarnsdallj1@behance.net,Male
Ignatius Tippell,itippellj2@wordpress.org,Male
Son Sibery,ssiberyj3@pinterest.com,Male
Lion Chang,lchangj4@comsenz.com,Male
Jedediah Caslake,jcaslakej5@wordpress.com,Male
Vivien Maccari,vmaccarij6@vkontakte.ru,Female
Hilarius Radloff,hradloffj7@state.tx.us,Genderqueer
Min Woolis,mwoolisj8@list-manage.com,Female
Michail Blair,mblairj9@unblog.fr,Male
Gasper Jarrell,gjarrellja@cnn.com,Male
Batholomew Mewe,bmewejb@geocities.com,Genderfluid
Maurizia Riggulsford,mriggulsfordjc@answers.com,Female
Belia Naylor,bnaylorjd@tmall.com,Polygender
Cecilia Bastin,cbastinje@gravatar.com,Female
Odele Tulley,otulleyjf@ezinearticles.com,Female
Vincent Martschik,vmartschikjg@spiegel.de,Male
Bran Cona,bconajh@sourceforge.net,Male
Shelba Tattersall,stattersallji@tuttocitta.it,Female
Cymbre Barkworth,cbarkworthjj@tmall.com,Female
Rochell Basnall,rbasnalljk@huffingtonpost.com,Female
Oswell Pellew,opellewjl@instagram.com,Male
Arri Bleackley,ableackleyjm@angelfire.com,Male
Olwen Lowseley,olowseleyjn@businessinsider.com,Female
Morganica Dougary,mdougaryjo@slate.com,Female
Maxwell Garfoot,mgarfootjp@buzzfeed.com,Male
Van Edensor,vedensorjq@discovery.com,Male
Myranda Janas,mjanasjr@ezinearticles.com,Female
Noe Brisker,nbriskerjs@networksolutions.com,Male
Gaston Josephsen,gjosephsenjt@forbes.com,Male
Quincy Agdahl,qagdahlju@friendfeed.com,Male
Arden Swedeland,aswedelandjv@paypal.com,Female
Leia Addison,laddisonjw@chronoengine.com,Female
Joella Finding,jfindingjx@ted.com,Female
Marketa Stoner,mstonerjy@slideshare.net,Female
Eliot Gooly,egoolyjz@cbslocal.com,Male
Randi Balham,rbalhamk0@ezinearticles.com,Male
Mic Maidment,mmaidmentk1@xing.com,Male
Jay Secrett,jsecrettk2@moonfruit.com,Male
Giana Cadle,gcadlek3@google.pl,Female
Gare Lichtfoth,glichtfothk4@wsj.com,Male
Josee Lunn,jlunnk5@imgur.com,Bigender
Maggee Bradwell,mbradwellk6@abc.net.au,Female
Gabey Albinson,galbinsonk7@wikispaces.com,Female
Jerry Pakes,jpakesk8@uol.com.br,Agender
Jimmie Heinschke,jheinschkek9@github.com,Non-binary
Ramsey Mustill,rmustillka@domainmarket.com,Male
Garnette Statham,gstathamkb@un.org,Female
Ophelia Sharpley,osharpleykc@vistaprint.com,Female
Darya Neathway,dneathwaykd@mlb.com,Female
Daphna Askey,daskeyke@example.com,Female
Jule Penniell,jpenniellkf@unblog.fr,Male
Marcelo Lanahan,mlanahankg@sina.com.cn,Male
Brnaba Longhirst,blonghirstkh@angelfire.com,Male
Ewen Pragnell,epragnellki@gizmodo.com,Male
Syman Houdhury,shoudhurykj@flavors.me,Male
Constantino Gulberg,cgulbergkk@dedecms.com,Male
Lois Friedenbach,lfriedenbachkl@dedecms.com,Female
Amerigo Shelton,asheltonkm@friendfeed.com,Genderfluid
Paige Gobert,pgobertkn@sfgate.com,Female
Maritsa Pocknell,mpocknellko@paypal.com,Female
Aurilia McKinnon,amckinnonkp@prnewswire.com,Female
Art Binding,abindingkq@liveinternet.ru,Male
Danny Gladwish,dgladwishkr@theglobeandmail.com,Bigender
Seward Doding,sdodingks@cbsnews.com,Male
Jasmina Poutress,jpoutresskt@drupal.org,Female
Ravi McKim,rmckimku@boston.com,Bigender
Adair Sainsberry,asainsberrykv@cocolog-nifty.com,Male
Silvana Boulding,sbouldingkw@about.me,Female
Keven Shields,kshieldskx@timesonline.co.uk,Male
Alika Illiston,aillistonky@xinhuanet.com,Female
Tabbatha Braddon,tbraddonkz@topsy.com,Female
Paddy Housden,phousdenl0@sciencedaily.com,Male
Alejandrina Pegg,apeggl1@arizona.edu,Female
Avictor Sheather,asheatherl2@pagesperso-orange.fr,Male
Timothee Skeermor,tskeermorl3@google.de,Male
Rochette Duchasteau,rduchasteaul4@mayoclinic.com,Female
Jeromy Locke,jlockel5@telegraph.co.uk,Male
Derward Clyburn,dclyburnl6@wix.com,Male
Sonja Heine,sheinel7@forbes.com,Female
Stewart Physick,sphysickl8@e-recht24.de,Male
Tallie Lofthouse,tlofthousel9@google.it,Female
Ailey Timlett,atimlettla@squidoo.com,Female
Noellyn Abad,nabadlb@wsj.com,Female
Tobie Tringham,ttringhamlc@springer.com,Male
Gerick Baudouin,gbaudouinld@merriam-webster.com,Male
Trevar Thunnercliff,tthunnercliffle@usa.gov,Agender
Faunie Boch,fbochlf@networksolutions.com,Female
Artie Dallimare,adallimarelg@rambler.ru,Male
Sherlocke Lovstrom,slovstromlh@umich.edu,Male
Denny De Lorenzo,ddeli@newsvine.com,Female
Kleon Bullcock,kbullcocklj@washington.edu,Male
Catina Crennell,ccrennelllk@arstechnica.com,Female
Marco Elmar,melmarll@cocolog-nifty.com,Male
Bogart Pothergill,bpothergilllm@macromedia.com,Genderfluid
Bil Bowlas,bbowlasln@seattletimes.com,Male
Sheff Lawey,slaweylo@ted.com,Male
Brittan Ginnane,bginnanelp@examiner.com,Female
Brewer Vautier,bvautierlq@addthis.com,Male
Iona Spennock,ispennocklr@yahoo.co.jp,Female
Otha Clynter,oclynterls@foxnews.com,Female
Catherin Geely,cgeelylt@slate.com,Female
Franchot Myatt,fmyattlu@newyorker.com,Male
Earlie Hammerberg,ehammerberglv@usa.gov,Male
Elbertine Spackman,espackmanlw@4shared.com,Female
Barron Humbles,bhumbleslx@hao123.com,Male
Giovanna Sprouls,gsproulsly@dmoz.org,Female
Krissy Ziems,kziemslz@dropbox.com,Female
Gunar Longshaw,glongshawm0@columbia.edu,Male
Cordell Ruspine,cruspinem1@people.com.cn,Male
Floria Gresswood,fgresswoodm2@domainmarket.com,Female
Piotr Cloutt,pclouttm3@imageshack.us,Male
Morrie McIlveen,mmcilveenm4@meetup.com,Male
Grove Lyddy,glyddym5@is.gd,Male
Dasie Wims,dwimsm6@fastcompany.com,Female
Adan Gentry,agentrym7@blogger.com,Female
Grady Dearl,gdearlm8@cisco.com,Male
Maximilianus Effnert,meffnertm9@rakuten.co.jp,Male
Culley Prime,cprimema@state.tx.us,Male
Avery Bettison,abettisonmb@archive.org,Male
Tiler Odger,todgermc@canalblog.com,Bigender
Brunhilda Setterington,bsetteringtonmd@chronoengine.com,Female
Zelig Tiery,ztieryme@gizmodo.com,Male
Keelia Kreutzer,kkreutzermf@squarespace.com,Genderqueer
Duffie Garrold,dgarroldmg@auda.org.au,Male
Hewie MacFaell,hmacfaellmh@amazon.co.uk,Agender
Gay Barks,gbarksmi@thetimes.co.uk,Female
Ramonda Bennell,rbennellmj@sfgate.com,Genderfluid
Raimondo Pelerin,rpelerinmk@newyorker.com,Male
Herminia Surguine,hsurguineml@comsenz.com,Female
Denni Ulster,dulstermm@webs.com,Female
Samson Stafford,sstaffordmn@nifty.com,Male
Tedman Manders,tmandersmo@slashdot.org,Male
Hannis Sowersby,hsowersbymp@virginia.edu,Female
Verile Drewes,vdrewesmq@weibo.com,Female
Philly Courtenay,pcourtenaymr@lulu.com,Female
Gannon Wisbey,gwisbeyms@xinhuanet.com,Male
Saul Schwieso,sschwiesomt@cdc.gov,Male
Casper Lamminam,clamminammu@soundcloud.com,Male
Bronny Ducker,bduckermv@huffingtonpost.com,Male
Dale Okeshott,dokeshottmw@hhs.gov,Female
Vale Deighton,vdeightonmx@pcworld.com,Male
Whitney Filkov,wfilkovmy@smugmug.com,Female
Boigie Rowdell,browdellmz@vistaprint.com,Male
Retha McCrillis,rmccrillisn0@1688.com,Agender
Jodie Spoor,jspoorn1@list-manage.com,Male
Greggory Pratt,gprattn2@un.org,Male
Audra Simoni,asimonin3@illinois.edu,Female
Melli Pherps,mpherpsn4@instagram.com,Female
Karoly Node,knoden5@google.com.br,Male
Arie Crollman,acrollmann6@msu.edu,Male
Anderea Mourton,amourtonn7@dot.gov,Female
Emlynn Silverstone,esilverstonen8@nasa.gov,Genderfluid
Sid Sirl,ssirln9@paypal.com,Male
Sebastian Crockley,scrockleyna@blinklist.com,Male
Inglis Koch,ikochnb@hubpages.com,Male
Peyton Wallington,pwallingtonnc@skype.com,Male
Dov Pye,dpyend@comcast.net,Male
Eugenia Jerger,ejergerne@tumblr.com,Female
Damiano Daintier,ddaintiernf@google.pl,Male
Lonna Trenouth,ltrenouthng@reference.com,Female
Salomon McJarrow,smcjarrownh@lulu.com,Male
Harlen Latus,hlatusni@google.ru,Male
Rodolph Bazoche,rbazochenj@godaddy.com,Male
Luella Pointing,lpointingnk@mapquest.com,Female
Curran Ruler,crulernl@biblegateway.com,Male
Selia Vogele,svogelenm@edublogs.org,Female
Henry Isacq,hisacqnn@histats.com,Non-binary
Jami Plumley,jplumleyno@themeforest.net,Female
Dody Stoneley,dstoneleynp@princeton.edu,Female
Randy Meynell,rmeynellnq@csmonitor.com,Male
George Sinkings,gsinkingsnr@usa.gov,Female
Nev O'Neil,noneilns@cam.ac.uk,Male
Arabele Foxcroft,afoxcroftnt@chronoengine.com,Female
Chrystel Sainsbury-Brown,csainsburybrownnu@hexun.com,Female
Natalie Circuit,ncircuitnv@wisc.edu,Female
Ebonee Waterhous,ewaterhousnw@illinois.edu,Female
Grazia Phebee,gphebeenx@wikia.com,Female
Sheena Whitehair,swhitehairny@jimdo.com,Female
Derry Carillo,dcarillonz@reference.com,Male
Rupert Gibben,rgibbeno0@jimdo.com,Male
Elliot Runnacles,erunnacleso1@newsvine.com,Male
Nelly Giddons,ngiddonso2@sohu.com,Female
Gaspar Ruckhard,gruckhardo3@friendfeed.com,Male
Katey Blazdell,kblazdello4@stanford.edu,Female
Heywood Gillon,hgillono5@a8.net,Male
Ezmeralda Westell,ewestello6@acquirethisname.com,Female
Desmund Piers,dpierso7@soundcloud.com,Agender
Marj Greene,mgreeneo8@friendfeed.com,Female
Sadella Allkins,sallkinso9@bing.com,Female
Onida Gerrels,ogerrelsoa@unesco.org,Female
Caresse Jugging,cjuggingob@reuters.com,Non-binary
Rycca Brigham,rbrighamoc@simplemachines.org,Female
Sayres MacPeice,smacpeiceod@yelp.com,Male
Torrin Boobyer,tboobyeroe@hc360.com,Male
Peri Zamboniari,pzamboniariof@miitbeian.gov.cn,Female
Ulric Dalla,udallaog@businessinsider.com,Male
Novelia Hobgen,nhobgenoh@bandcamp.com,Female
Janeta Linggood,jlinggoodoi@phoca.cz,Female
Edik Dallimore,edallimoreoj@dion.ne.jp,Polygender
Chaim Floyde,cfloydeok@phpbb.com,Male
Forrester Antonelli,fantonelliol@linkedin.com,Non-binary
Roanna Gaule,rgauleom@dot.gov,Female
Em Domenico,edomenicoon@tumblr.com,Male
Jehanna Arbuckle,jarbuckleoo@etsy.com,Female
Karrie Pepon,kpeponop@netvibes.com,Female
Jemmie Gilks,jgilksoq@theglobeandmail.com,Female
Cleavland Pilpovic,cpilpovicor@spiegel.de,Male
Tommie Letham,tlethamos@japanpost.jp,Female
Selia Creech,screechot@sfgate.com,Female
Merrie Barnwill,mbarnwillou@go.com,Genderqueer
Rosanna Roelvink,rroelvinkov@soup.io,Female
Charlie Piet,cpietow@paypal.com,Male
Prue Downing,pdowningox@twitpic.com,Female
Perkin Glendining,pglendiningoy@freewebs.com,Male
Thorin Arboin,tarboinoz@instagram.com,Male
Sacha Hanmer,shanmerp0@zimbio.com,Female
Augustin Artis,aartisp1@plala.or.jp,Male
Sonnnie Unstead,sunsteadp2@yale.edu,Female
Joela Amey,jameyp3@mac.com,Female
Byram Watts,bwattsp4@shinystat.com,Male
Cesaro Southward,csouthwardp5@mlb.com,Male
Starr Bein,sbeinp6@biblegateway.com,Genderqueer
Melony Preble,mpreblep7@skype.com,Agender
Maud Vannini,mvanninip8@yolasite.com,Female
Kienan D'Emanuele,kdemanuelep9@nbcnews.com,Male
Orran Ayer,oayerpa@issuu.com,Male
Rey Ide,ridepb@bloomberg.com,Agender
Olga Kebbell,okebbellpc@xrea.com,Female
Elsi Cluff,ecluffpd@reference.com,Female
Ceciley Spraging,cspragingpe@google.pl,Female
Elvira Di Dello,edipf@oracle.com,Female
Chad Kingcote,ckingcotepg@webnode.com,Male
Myrlene Davydychev,mdavydychevph@tiny.cc,Female
Alister Bisatt,abisattpi@yolasite.com,Male
Rivkah Cossell,rcossellpj@newyorker.com,Female
Suki Hollows,shollowspk@shinystat.com,Female
Sonni Castiello,scastiellopl@imdb.com,Female
Inesita Ebbs,iebbspm@europa.eu,Female
Barnebas Congreave,bcongreavepn@harvard.edu,Polygender
Logan Ajean,lajeanpo@cloudflare.com,Male
Maxim Kahan,mkahanpp@icq.com,Male
Devan Peeke,dpeekepq@mozilla.org,Female
Katie Merton,kmertonpr@utexas.edu,Female
Orelie Applegate,oapplegateps@g.co,Female
Garnet Trotman,gtrotmanpt@mail.ru,Female
Meris Guinan,mguinanpu@usnews.com,Female
Chevy Zanotti,czanottipv@unc.edu,Male
Jone Juppe,jjuppepw@stumbleupon.com,Polygender
Lucius Duly,ldulypx@weebly.com,Male
Sully Triplow,striplowpy@taobao.com,Male
Fidelio Uden,fudenpz@naver.com,Male
Ginni Whorlow,gwhorlowq0@mit.edu,Female
Leighton Fowls,lfowlsq1@accuweather.com,Male
Jenny Heazel,jheazelq2@vk.com,Female
Sherm Loosmore,sloosmoreq3@microsoft.com,Male
Tansy Nuzzti,tnuzztiq4@slashdot.org,Female
Rosy Fuidge,rfuidgeq5@nhs.uk,Female
Burr Prandin,bprandinq6@jigsy.com,Male
Marcelo Thomsen,mthomsenq7@sfgate.com,Male
Jonathon Handscombe,jhandscombeq8@cbslocal.com,Male
Dalton Durrett,ddurrettq9@businesswire.com,Male
Erena Tander,etanderqa@marriott.com,Female
Reider Newell,rnewellqb@digg.com,Male
Gary Brundale,gbrundaleqc@google.cn,Male
Karol Jardin,kjardinqd@discuz.net,Female
Pennie Lainton,plaintonqe@xrea.com,Female
Honoria Sloper,hsloperqf@nbcnews.com,Female
Kipp Keith,kkeithqg@google.pl,Genderfluid
Melosa Seine,mseineqh@mozilla.org,Female
Alfy Wavell,awavellqi@elpais.com,Male
Vida Marde,vmardeqj@indiegogo.com,Polygender
Casar Giacomucci,cgiacomucciqk@hexun.com,Male
Carry Pes,cpesql@infoseek.co.jp,Female
Larissa Buesnel,lbuesnelqm@nytimes.com,Female
Delmore De La Coste,ddeqn@unblog.fr,Male
Erich Sawbridge,esawbridgeqo@army.mil,Male
Forest Abramovici,fabramoviciqp@newsvine.com,Male
Carie Belchem,cbelchemqq@npr.org,Female
Lucilia Zamboniari,lzamboniariqr@newyorker.com,Female
Didi Bottomley,dbottomleyqs@pbs.org,Female
Trista Barttrum,tbarttrumqt@patch.com,Female
Saundra Noorwood,snoorwoodqu@gizmodo.com,Male
Issie Dabell,idabellqv@google.com,Female
Rana Nurden,rnurdenqw@mayoclinic.com,Female
Blanch Block,bblockqx@webs.com,Female
Josh Cosh,jcoshqy@unicef.org,Male
Zena Delafoy,zdelafoyqz@flickr.com,Female
Annaliese MacGhee,amacgheer0@purevolume.com,Non-binary
Jaimie Kerbey,jkerbeyr1@seattletimes.com,Male
Tull Hembery,themberyr2@japanpost.jp,Male
Teodora Danilov,tdanilovr3@angelfire.com,Female
Grace Claesens,gclaesensr4@yale.edu,Female
Will Fahrenbacher,wfahrenbacherr5@msn.com,Male
Raleigh Torri,rtorrir6@artisteer.com,Genderqueer
Alys Brosenius,abroseniusr7@drupal.org,Female
Wolfie De Mico,wder8@youtube.com,Male
Dennis Lowden,dlowdenr9@thetimes.co.uk,Male
Leonora Ciementini,lciementinira@geocities.jp,Female
Edd Noddles,enoddlesrb@noaa.gov,Male
Hendrika Springett,hspringettrc@moonfruit.com,Female
Sioux Riddick,sriddickrd@csmonitor.com,Female
Howey Gaiter,hgaiterre@tuttocitta.it,Male
Theodosia Lemasney,tlemasneyrf@vkontakte.ru,Female
Haskell Lehrian,hlehrianrg@google.it,Male
Hayyim Scott,hscottrh@clickbank.net,Male
Xever Tynnan,xtynnanri@sogou.com,Genderfluid
Tiffani Fookes,tfookesrj@mac.com,Female
Carmen Maeer,cmaeerrk@tiny.cc,Female
Doll Corde,dcorderl@howstuffworks.com,Female
Brande Holtham,bholthamrm@fda.gov,Female
Kelby Rachuig,krachuigrn@istockphoto.com,Male
Ynez Piris,ypirisro@ning.com,Female
Michail Andreasen,mandreasenrp@toplist.cz,Male
Carlotta Bohje,cbohjerq@fastcompany.com,Female
Lilly Hanny,lhannyrr@sourceforge.net,Female
